Id,Position,First Name,Nickname,Last Name,FPPG,Played,Salary,Game,Team,Opponent,Injury Indicator,Injury Details,Tier,,,Roster Position
58124-9642,PG,Russell,Russell Westbrook,Westbrook,51.57499913,56,11000,WAS@DAL,WAS,DAL,,,,,,PG
58124-55062,C,Nikola,Nikola Jokic,Jokic,54.61875153,64,10900,DEN@LAC,DEN,LAC,,,,,,C
58124-84669,PG,Luka,Luka Doncic,Doncic,51.15965084,57,10800,WAS@DAL,DAL,WAS,,,,,,PG
58124-14528,SF,Jimmy,Jimmy Butler,Butler,46.26739237,46,9800,MIA@CLE,MIA,CLE,,,,,,SF
58124-9524,PG,Stephen,Stephen Curry,Curry,47.17143032,56,9700,GS@HOU,GS,HOU,,,,,,PG
58124-84671,PG,Trae,Trae Young,Young,43.22909268,55,9500,CHI@ATL,ATL,CHI,,,,,,PG
58124-12341,SG,Paul,Paul George,George,40.9122439,49,9400,DEN@LAC,LAC,DEN,,,,,,SG
58124-15595,SG,Bradley,Bradley Beal,Beal,44.6309082,55,9300,WAS@DAL,WAS,DAL,,,,,,SG
58124-40783,SG,Zach,Zach LaVine,LaVine,41.32963053,54,9300,CHI@ATL,CHI,ATL,O,Covid-19,,,,SG
58124-58462,C,Karl-Anthony,Karl-Anthony Towns,Towns,47.3880964,42,9200,NO@MIN,MIN,NO,,,,,,C
58124-14513,SF,Kawhi,Kawhi Leonard,Leonard,45.4191479,47,9200,DEN@LAC,LAC,DEN,GTD,Foot,,,,SF
58124-59358,PF,Domantas,Domantas Sabonis,Sabonis,43.76296206,54,9200,IND@OKC,IND,OKC,GTD,Back,,,,PF
58124-66113,SG,Donovan,Donovan Mitchell,Mitchell,40.37592683,54,9000,TOR@UTA,UTA,TOR,GTD,Ankle,,,,SG
58124-14514,C,Nikola,Nikola Vucevic,Vucevic,45.86461463,65,9000,CHI@ATL,CHI,ATL,,,,,,C
58124-110310,PF,Zion,Zion Williamson,Williamson,42.19661182,59,8900,NO@MIN,NO,MIN,,,,,,PF
58124-42202,PF,Christian,Christian Wood,Wood,39.75641026,39,8700,GS@HOU,HOU,GS,,,,,,PF
58124-22541,C,Kelly,Kelly Olynyk,Olynyk,27.51774154,62,8600,GS@HOU,HOU,GS,,,,,,C
58124-16359,PG,Malcolm,Malcolm Brogdon,Brogdon,37.6660723,56,8500,IND@OKC,IND,OKC,GTD,Hamstring,,,,PG
58124-55059,C,Clint,Clint Capela,Capela,41.25357056,56,8400,CHI@ATL,ATL,CHI,,,,,,C
58124-84682,SF,Michael,Michael Porter,Porter,33.08867832,53,8300,DEN@LAC,DEN,LAC,,,,,,SF
58124-80817,C,Bam,Bam Adebayo,Adebayo,41.72321429,56,8300,MIA@CLE,MIA,CLE,,,,,,C
58124-84667,SG,Collin,Collin Sexton,Sexton,35.26078527,51,8200,MIA@CLE,CLE,MIA,,,,,,SG
58124-23798,SG,Caris,Caris LeVert,LeVert,35.39473684,38,8100,IND@OKC,IND,OKC,,,,,,SG
58124-60021,PF,Pascal,Pascal Siakam,Siakam,39.22156958,51,8000,TOR@UTA,TOR,UTA,,,,,,PF
58124-110342,PG,Darius,Darius Garland,Garland,30.81698205,53,7900,MIA@CLE,CLE,MIA,GTD,Ankle,,,,PG
58124-40203,C,Rudy,Rudy Gobert,Gobert,40.44761827,63,7900,TOR@UTA,UTA,TOR,,,,,,C
58124-110344,PG,Ja,Ja Morant,Morant,35.22222222,54,7700,MEM@ORL,MEM,ORL,,,,,,PG
58124-55060,SF,Bogdan,Bogdan Bogdanovic,Bogdanovic,26.89459393,37,7700,CHI@ATL,ATL,CHI,GTD,Hamstring,,,,SF
58124-9575,PG,Mike,Mike Conley,Conley,31.72600098,50,7600,TOR@UTA,UTA,TOR,GTD,Hamstring,,,,PG
58124-145321,SF,Anthony,Anthony Edwards,Edwards,30.63906288,64,7600,NO@MIN,MIN,NO,,,,,,SF
58124-15860,PF,Draymond,Draymond Green,Green,32.0690918,55,7600,GS@HOU,GS,HOU,GTD,Back,,,,PF
58124-66048,SF,Brandon,Brandon Ingram,Ingram,38.82241295,58,7500,NO@MIN,NO,MIN,,,,,,SF
58124-63122,PF,Kristaps,Kristaps Porzingis,Porzingis,37.86000061,40,7500,WAS@DAL,DAL,WAS,GTD,Knee,,,,PF
58124-42677,PG,Terry,Terry Rozier,Rozier,34.56949111,59,7500,DET@CHA,CHA,DET,,,,,,PG
58124-24247,SG,Fred,Fred VanVleet,VanVleet,38.81020309,49,7400,TOR@UTA,TOR,UTA,,,,,,SG
58124-68090,SF,OG,OG Anunoby,Anunoby,30.67619106,42,7200,TOR@UTA,TOR,UTA,,,,,,SF
58124-84678,SF,Miles,Miles Bridges,Bridges,25.34516168,62,7100,DET@CHA,CHA,DET,,,,,,SF
58124-80821,C,Jarrett,Jarrett Allen,Allen,32.17592593,54,7100,MIA@CLE,CLE,MIA,,,,,,C
58124-117283,SF,Oshae,Oshae Brissett,Brissett,22.46363692,11,7000,IND@OKC,IND,OKC,,,,,,SF
58124-12366,SF,Gordon,Gordon Hayward,Hayward,35.25227217,44,7000,DET@CHA,CHA,DET,O,Foot,,,,SF
58124-68203,C,Chris,Chris Boucher,Boucher,29.81186482,59,7000,TOR@UTA,TOR,UTA,O,Knee,,,,C
58124-84680,SG,Shai,Shai Gilgeous-Alexander,Gilgeous-Alexander,39.53428432,35,7000,IND@OKC,OKC,IND,O,Foot,,,,SG
58124-110352,PF,P.J.,P.J. Washington,Washington,28.52545499,55,7000,DET@CHA,CHA,DET,,,,,,PF
58124-80806,PG,Lonzo,Lonzo Ball,Ball,32.26938676,49,7000,NO@MIN,NO,MIN,,,,,,PG
58124-58312,SG,D'Angelo,D'Angelo Russell,Russell,31.43529555,34,6900,NO@MIN,MIN,NO,,,,,,SG
58124-49116,SG,Andrew,Andrew Wiggins,Wiggins,31.58095199,63,6900,GS@HOU,GS,HOU,,,,,,SG
58124-110356,SG,Nickeil,Nickeil Alexander-Walker,Alexander-Walker,19.96829298,41,6800,NO@MIN,NO,MIN,GTD,Ankle,,,,SG
58124-110637,PF,Darius,Darius Bazley,Bazley,25.83191437,47,6700,IND@OKC,OKC,IND,,,,,,PF
58124-14503,C,Jonas,Jonas Valanciunas,Valanciunas,36.59074119,54,6600,MEM@ORL,MEM,ORL,,,,,,C
58124-145576,PF,Jae'Sean,Jae'Sean Tate,Tate,25.35555594,63,6600,GS@HOU,HOU,GS,,,,,,PF
58124-58153,SF,Kelly,Kelly Oubre,Oubre,28.73272816,55,6600,GS@HOU,GS,HOU,GTD,Wrist,,,,SF
58124-20640,SG,Jordan,Jordan Clarkson,Clarkson,27.05593303,59,6500,TOR@UTA,UTA,TOR,,,,,,SG
58124-66236,PF,John,John Collins,Collins,31.99636452,55,6500,CHI@ATL,ATL,CHI,,,,,,PF
58124-23831,PF,Jerami,Jerami Grant,Grant,35.46226415,53,6400,DET@CHA,DET,CHA,O,Knee,,,,PF
58124-14512,PF,Marcus,Marcus Morris,Morris,21.98600098,50,6300,DEN@LAC,LAC,DEN,,,,,,PF
58124-9535,PG,Kyle,Kyle Lowry,Lowry,35.27777778,45,6300,TOR@UTA,TOR,UTA,O,Rest,,,,PG
58124-84706,SG,Devonte',Devonte' Graham,Graham,27.56,50,6200,DET@CHA,CHA,DET,,,,,,SG
58124-110326,PG,Coby,Coby White,White,26.81833293,60,6200,CHI@ATL,CHI,ATL,,,,,,PG
58124-15590,C,Mason,Mason Plumlee,Plumlee,29.92909047,55,6100,DET@CHA,DET,CHA,O,Rest,,,,C
58124-110345,SF,Kevin,Kevin Porter,Porter,30.79565164,23,6100,GS@HOU,HOU,GS,,,,,,SF
58124-111273,SF,Luguentz,Luguentz Dort,Dort,23.51249949,48,6000,IND@OKC,OKC,IND,O,Hip,,,,SF
58124-16081,C,Khem,Khem Birch,Birch,18.28793019,58,6000,TOR@UTA,TOR,UTA,,,,,,C
58124-145327,PG,Cole,Cole Anthony,Anthony,25.16052567,38,6000,MEM@ORL,ORL,MEM,,,,,,PG
58124-14530,SF,Bojan,Bojan Bogdanovic,Bogdanovic,23.59841192,63,5900,TOR@UTA,UTA,TOR,,,,,,SF
58124-84704,SG,Kevin,Kevin Huerter,Huerter,24.84677419,62,5900,CHI@ATL,ATL,CHI,GTD,Shoulder,,,,SG
58124-58253,C,Myles,Myles Turner,Turner,33.21702024,47,5900,IND@OKC,IND,OKC,O,Toe,,,,C
58124-145307,PF,Isaiah,Isaiah Stewart,Stewart,21.05901599,61,5900,DET@CHA,DET,CHA,,,,,,PF
58124-24544,SG,Gary,Gary Harris,Harris,18.80999959,30,5900,MEM@ORL,ORL,MEM,,,,,,SG
58124-84683,PF,Jaren,Jaren Jackson,Jackson,29.27499962,4,5800,MEM@ORL,MEM,ORL,GTD,Knee,,,,PF
58124-59318,SF,Joe,Joe Ingles,Ingles,24.14482801,58,5800,TOR@UTA,UTA,TOR,,,,,,SF
58124-9662,SG,Lou,Lou Williams,Williams,20.69310261,58,5800,CHI@ATL,ATL,CHI,,,,,,SG
58124-9874,PF,Kevin,Kevin Love,Love,23.26000061,20,5700,MIA@CLE,CLE,MIA,,,,,,PF
58124-63126,SF,Cedi,Cedi Osman,Osman,19.94905753,53,5700,MIA@CLE,CLE,MIA,,,,,,SF
58124-84675,C,Mo,Mo Bamba,Bamba,17.75384678,39,5700,MEM@ORL,ORL,MEM,,,,,,C
58124-145485,PG,LaMelo,LaMelo Ball,Ball,35.08536585,41,5600,DET@CHA,CHA,DET,,,,,,PG
58124-40562,SG,Josh,Josh Hart,Hart,24.48723456,47,5600,NO@MIN,NO,MIN,O,Thumb,,,,SG
58124-17333,SG,Will,Will Barton,Barton,24.5839277,56,5600,DEN@LAC,DEN,LAC,O,Hamstring,,,,SG
58124-16376,SF,Dorian,Dorian Finney-Smith,Finney-Smith,22.25399902,50,5600,WAS@DAL,DAL,WAS,,,,,,SF
58124-84676,C,Wendell,Wendell Carter,Carter,27.38163166,49,5500,MEM@ORL,ORL,MEM,,,,,,C
58124-110346,PF,Isaiah,Isaiah Roby,Roby,21.75192261,52,5500,IND@OKC,OKC,IND,,,,,,PF
58124-15684,SG,Victor,Victor Oladipo,Oladipo,35.37878788,33,5500,MIA@CLE,MIA,CLE,O,Knee,,,,SG
58124-9637,SF,Danilo,Danilo Gallinari,Gallinari,21.24545427,44,5500,CHI@ATL,ATL,CHI,,,,,,SF
58124-15814,C,Alex,Alex Len,Len,15.85454545,55,5500,WAS@DAL,WAS,DAL,,,,,,C
58124-101329,PG,Kendrick,Kendrick Nunn,Nunn,24.20208232,48,5500,MIA@CLE,MIA,CLE,,,,,,PG
58124-12362,C,DeMarcus,DeMarcus Cousins,Cousins,22.82646987,34,5400,DEN@LAC,LAC,DEN,,,,,,C
58124-19781,SF,Kent,Kent Bazemore,Bazemore,16.20689655,58,5400,GS@HOU,GS,HOU,,,,,,SF
58124-80809,SG,Josh,Josh Jackson,Jackson,24.23859606,57,5400,DET@CHA,DET,CHA,,,,,,SG
58124-9666,PF,Thaddeus,Thaddeus Young,Young,28.8203394,59,5400,CHI@ATL,CHI,ATL,,,,,,PF
58124-18393,PG,T.J.,T.J. McConnell,McConnell,26.65762795,59,5400,IND@OKC,IND,OKC,,,,,,PG
58124-81529,PF,Daniel,Daniel Theis,Theis,21.90833333,60,5300,CHI@ATL,CHI,ATL,,,,,,PF
58124-14523,PG,Reggie,Reggie Jackson,Jackson,19.64000041,60,5300,DEN@LAC,LAC,DEN,,,,,,PG
58124-15559,SF,Jeremy,Jeremy Lamb,Lamb,20.79722256,36,5300,IND@OKC,IND,OKC,GTD,Knee,,,,SF
58124-110339,SG,Cam,Cam Reddish,Reddish,21.58846107,26,5300,CHI@ATL,ATL,CHI,O,Achilles,,,,SG
58124-80816,SG,Malik,Malik Monk,Monk,19.546875,32,5300,DET@CHA,CHA,DET,GTD,Ankle,,,,SG
58124-145536,PG,Theo,Theo Maledon,Maledon,20.17368464,57,5200,IND@OKC,OKC,IND,,,,,,PG
58124-23716,SF,Kyle,Kyle Anderson,Anderson,29.42333374,60,5200,MEM@ORL,MEM,ORL,,,,,,SF
58124-84695,SG,Gary,Gary Trent,Trent,23.02363725,55,5200,TOR@UTA,TOR,UTA,O,Lower leg,,,,SG
58124-60233,SG,Dillon,Dillon Brooks,Brooks,26.50344743,58,5200,MEM@ORL,MEM,ORL,,,,,,SG
58124-84690,SG,Jalen,Jalen Brunson,Brunson,22.35344828,58,5100,WAS@DAL,DAL,WAS,,,,,,SG
58124-110312,SG,Tyler,Tyler Herro,Herro,27.07499949,48,5100,MIA@CLE,MIA,CLE,O,Foot,,,,SG
58124-110336,PF,Chuma,Chuma Okeke,Okeke,19.77111138,45,5100,MEM@ORL,ORL,MEM,GTD,Ankle,,,,PF
58124-58270,PG,Edmond,Edmond Sumner,Sumner,12.44693927,49,5100,IND@OKC,IND,OKC,,,,,,PG
58124-66061,SG,Dwayne,Dwayne Bacon,Bacon,17.29841347,63,5000,MEM@ORL,ORL,MEM,,,,,,SG
58124-145547,PG,Facundo,Facundo Campazzo,Campazzo,15.43508751,57,5000,DEN@LAC,DEN,LAC,,,,,,PG
58124-18338,PF,Royce,Royce O'Neale,O'Neale,21.74032297,62,5000,TOR@UTA,UTA,TOR,,,,,,PF
58124-145328,SF,Saddiq,Saddiq Bey,Bey,20.30655658,61,5000,DET@CHA,DET,CHA,,,,,,SF
58124-9673,PG,Goran,Goran Dragic,Dragic,24.1547619,42,5000,MIA@CLE,MIA,CLE,,,,,,PG
58124-12355,SG,Eric,Eric Bledsoe,Bledsoe,23.02419355,62,4900,NO@MIN,NO,MIN,,,,,,SG
58124-14529,PG,Cory,Cory Joseph,Joseph,18.30999959,60,4900,DET@CHA,DET,CHA,O,Ankle,,,,PG
58124-110325,PF,Daniel,Daniel Gafford,Gafford,17.15777724,45,4900,WAS@DAL,WAS,DAL,,,,,,PF
58124-15846,SG,Tim,Tim Hardaway,Hardaway,23.25245942,61,4900,WAS@DAL,DAL,WAS,,,,,,SG
58124-66196,SG,PJ,PJ Dozier,Dozier,17.25,48,4800,DEN@LAC,DEN,LAC,,,,,,SG
58124-70827,C,Ivica,Ivica Zubac,Zubac,22.39687538,64,4800,DEN@LAC,LAC,DEN,,,,,,C
58124-110315,SG,Terance,Terance Mann,Mann,15.2295082,61,4800,DEN@LAC,LAC,DEN,,,,,,SG
58124-9538,PF,Trevor,Trevor Ariza,Ariza,20.24545427,22,4800,MIA@CLE,MIA,CLE,,,,,,PF
58124-20992,PF,Larry,Larry Nance,Nance,27.1,35,4700,MIA@CLE,CLE,MIA,O,Thumb,,,,PF
58124-145533,PF,Kenyon,Kenyon Martin,Martin,17.56111145,36,4700,GS@HOU,HOU,GS,,,,,,PF
58124-23169,C,Steven,Steven Adams,Adams,24.60877107,57,4700,NO@MIN,NO,MIN,O,Toe,,,,C
58124-63127,C,Willy,Willy Hernangomez,Hernangomez,17.92307692,39,4700,NO@MIN,NO,MIN,,,,,,C
58124-110351,SG,Cody,Cody Martin,Martin,12.20400024,50,4700,DET@CHA,CHA,DET,,,,,,SG
58124-145344,PG,Malachi,Malachi Flynn,Flynn,14.80000064,38,4700,TOR@UTA,TOR,UTA,,,,,,PG
58124-117286,C,Moses,Moses Brown,Brown,22.77941176,34,4600,IND@OKC,OKC,IND,,,,,,C
58124-15417,SF,Solomon,Solomon Hill,Hill,12.05238076,63,4600,CHI@ATL,ATL,CHI,,,,,,SF
58124-41594,PF,Aaron,Aaron Gordon,Gordon,27.40697674,43,4600,DEN@LAC,DEN,LAC,,,,,,PF
58124-23802,PG,Kris,Kris Dunn,Dunn,7.266666412,3,4600,CHI@ATL,ATL,CHI,,,,,,PG
58124-110359,C,Goga,Goga Bitadze,Bitadze,13.96756724,37,4600,IND@OKC,IND,OKC,GTD,Ankle,,,,C
58124-16201,PG,Michael,Michael Carter-Williams,Carter-Williams,22.29999961,31,4600,MEM@ORL,ORL,MEM,GTD,Ankle,,,,PG
58124-145341,SG,Isaac,Isaac Okoro,Okoro,17.5672418,58,4600,MIA@CLE,CLE,MIA,,,,,,SG
58124-110353,PF,Brandon,Brandon Clarke,Clarke,24.72115385,52,4500,MEM@ORL,MEM,ORL,,,,,,PF
58124-16233,SF,Josh,Josh Richardson,Richardson,23.21428571,49,4500,WAS@DAL,DAL,WAS,,,,,,SF
58124-58295,PF,D.J.,D.J. Wilson,Wilson,11.50588271,34,4500,GS@HOU,HOU,GS,,,,,,PF
58124-15843,PG,Trey,Trey Burke,Burke,11.82115408,52,4500,WAS@DAL,DAL,WAS,,,,,,PG
58124-66046,SG,Luke,Luke Kennard,Kennard,14.86491207,57,4500,DEN@LAC,LAC,DEN,,,,,,SG
58124-17491,SF,James,James Ennis,Ennis,17.51707347,41,4400,MEM@ORL,ORL,MEM,,,,,,SF
58124-18256,PF,Doug,Doug McDermott,McDermott,19.70535714,56,4400,IND@OKC,IND,OKC,,,,,,PF
58124-23156,PF,Georges,Georges Niang,Niang,11.0031748,63,4300,TOR@UTA,UTA,TOR,,,,,,PF
58124-14496,PG,Ricky,Ricky Rubio,Rubio,24.75,60,4300,NO@MIN,MIN,NO,,,,,,PG
58124-70822,PF,Juancho,Juancho Hernangomez,Hernangomez,14.18222249,45,4300,NO@MIN,MIN,NO,,,,,,PF
58124-84719,SG,Aaron,Aaron Holiday,Holiday,12.625,60,4200,IND@OKC,IND,OKC,,,,,,SG
58124-110331,SG,Ty,Ty Jerome,Jerome,19.75999959,30,4200,IND@OKC,OKC,IND,,,,,,SG
58124-145819,SF,Naji,Naji Marshall,Marshall,16.81739077,23,4200,NO@MIN,NO,MIN,,,,,,SF
58124-80825,PF,Isaiah,Isaiah Hartenstein,Hartenstein,14.49772783,44,4200,MIA@CLE,CLE,MIA,GTD,Concussion,,,,PF
58124-9729,PF,Paul,Paul Millsap,Millsap,21.02199951,50,4100,DEN@LAC,DEN,LAC,,,,,,PF
58124-101393,SG,Paul,Paul Watson,Watson,7.722222222,27,4100,TOR@UTA,TOR,UTA,O,Knee,,,,SG
58124-9809,SF,Nicolas,Nicolas Batum,Batum,21.36333415,60,4100,DEN@LAC,LAC,DEN,,,,,,SF
58124-145538,PF,Aleksej,Aleksej Pokusevski,Pokusevski,19.0125,40,4100,IND@OKC,OKC,IND,,,,,,PF
58124-84703,SG,De'Anthony,De'Anthony Melton,Melton,21.84285772,42,4100,MEM@ORL,MEM,ORL,,,,,,SG
58124-12511,PG,Ish,Ish Smith,Smith,18.4400007,35,4100,WAS@DAL,WAS,DAL,,,,,,PG
58124-11074,SF,Garrett,Garrett Temple,Temple,17.18510664,47,4100,CHI@ATL,CHI,ATL,,,,,,SF
58124-40396,PG,Monte,Monte Morris,Morris,19.96590909,44,4100,DEN@LAC,DEN,LAC,O,Hamstring,,,,PG
58124-66064,SF,Malik,Malik Beasley,Beasley,29.76756823,37,4000,NO@MIN,MIN,NO,O,Hamstring,,,,SF
58124-85137,SG,Duncan,Duncan Robinson,Robinson,21.07936508,63,4000,MIA@CLE,MIA,CLE,,,,,,SG
58124-84699,SG,Hamidou,Hamidou Diallo,Diallo,22.18124898,48,4000,DET@CHA,DET,CHA,GTD,Knee,,,,SG
58124-9957,PF,Serge,Serge Ibaka,Ibaka,24.69743621,39,4000,DEN@LAC,LAC,DEN,O,Back,,,,PF
58124-9966,PF,James,James Johnson,Johnson,17.83809553,42,4000,NO@MIN,NO,MIN,,,,,,PF
58124-15628,SF,Otto,Otto Porter,Porter,20.38928659,28,4000,MEM@ORL,ORL,MEM,O,Foot,,,,SF
58124-110349,SF,Rui,Rui Hachimura,Hachimura,23.94600098,50,4000,WAS@DAL,WAS,DAL,,,,,,SF
58124-110995,C,Naz,Naz Reid,Reid,21.61935523,62,4000,NO@MIN,MIN,NO,,,,,,C
58124-145336,PF,Xavier,Xavier Tillman,Tillman,17.51372573,51,4000,MEM@ORL,MEM,ORL,,,,,,PF
58124-96763,PG,Brandon,Brandon Goodwin,Goodwin,9.968889025,45,4000,CHI@ATL,ATL,CHI,,,,,,PG
58124-23572,SF,Taurean,Taurean Prince,Prince,19.00975669,41,3900,MIA@CLE,CLE,MIA,O,Ankle,,,,SF
58124-16405,SG,Terrence,Terrence Ross,Ross,26.05652121,46,3900,MEM@ORL,ORL,MEM,GTD,Back,,,,SG
58124-145489,PG,Killian,Killian Hayes,Hayes,16.82222154,18,3900,DET@CHA,DET,CHA,,,,,,PG
58124-16604,SF,Justin,Justin Holiday,Holiday,21.1467738,62,3900,IND@OKC,IND,OKC,,,,,,SF
58124-16197,SG,Chasson,Chasson Randle,Randle,11.19375038,32,3900,MEM@ORL,ORL,MEM,,,,,,SG
58124-15691,C,Cody,Cody Zeller,Zeller,22.04102502,39,3900,DET@CHA,CHA,DET,,,,,,C
58124-9556,SF,Eric,Eric Gordon,Gordon,25.44814724,27,3900,GS@HOU,HOU,GS,O,Groin,,,,SF
58124-145319,PF,Jaden,Jaden McDaniels,McDaniels,16.69473641,57,3900,NO@MIN,MIN,NO,,,,,,PF
58124-80812,PF,Lauri,Lauri Markkanen,Markkanen,23.17142886,42,3900,CHI@ATL,CHI,ATL,GTD,Illness,,,,PF
58124-80824,PG,Frank,Frank Jackson,Jackson,12.46470552,34,3900,DET@CHA,DET,CHA,,,,,,PG
58124-117273,SF,Mychal,Mychal Mulder,Mulder,7.025489957,51,3800,GS@HOU,GS,HOU,,,,,,SF
58124-15405,PF,JaMychal,JaMychal Green,Green,16.88979542,49,3800,DEN@LAC,DEN,LAC,,,,,,PF
58124-23097,PG,Tomas,Tomas Satoransky,Satoransky,19.41960832,51,3800,CHI@ATL,CHI,ATL,,,,,,PG
58124-12351,C,Derrick,Derrick Favors,Favors,17.24576271,59,3800,TOR@UTA,UTA,TOR,,,,,,C
58124-14543,PF,Davis,Davis Bertans,Bertans,18.17291641,48,3800,WAS@DAL,WAS,DAL,,,,,,PF
58124-84713,SG,Svi,Svi Mykhailiuk,Mykhailiuk,14.80677925,59,3800,IND@OKC,OKC,IND,,,,,,SG
58124-110322,PG,Jordan,Jordan Poole,Poole,16.64523751,42,3800,GS@HOU,GS,HOU,,,,,,PG
58124-110350,PF,Jalen,Jalen McDaniels,McDaniels,13.05135119,37,3800,DET@CHA,CHA,DET,,,,,,PF
58124-85305,SF,Kenrich,Kenrich Williams,Williams,17.75,62,3800,IND@OKC,OKC,IND,,,,,,SF
58124-40262,SG,Sterling,Sterling Brown,Brown,17.6823527,51,3800,GS@HOU,HOU,GS,O,Knee,,,,SG
58124-145303,SG,Skylar,Skylar Mays,Mays,6.956666565,30,3800,CHI@ATL,ATL,CHI,,,,,,SG
58124-16301,C,Dewayne,Dewayne Dedmon,Dedmon,18.86249924,8,3800,MIA@CLE,MIA,CLE,,,,,,C
58124-117779,PF,Juan,Juan Toscano-Anderson,Toscano-Anderson,15.56818182,44,3700,GS@HOU,GS,HOU,,,,,,PF
58124-117291,SG,Armoni,Armoni Brooks,Brooks,13.71818126,11,3700,GS@HOU,HOU,GS,,,,,,SG
58124-145541,PG,R.J.,R.J. Hampton,Hampton,10.84651149,43,3700,MEM@ORL,ORL,MEM,,,,,,PG
58124-58576,C,Kevon,Kevon Looney,Looney,14.21346107,52,3700,GS@HOU,GS,HOU,,,,,,C
58124-81621,PF,Maxi,Maxi Kleber,Kleber,18.58043505,46,3700,WAS@DAL,DAL,WAS,GTD,Lower leg,,,,PF
58124-110308,SF,Jarrell,Jarrell Brantley,Brantley,4.830434716,23,3700,TOR@UTA,UTA,TOR,,,,,,SF
58124-9455,PG,Rajon,Rajon Rondo,Rondo,14.46842073,38,3700,DEN@LAC,LAC,DEN,,,,,,PG
58124-16183,PF,JaKarr,JaKarr Sampson,Sampson,8.507999878,25,3700,IND@OKC,IND,OKC,O,Concussion,,,,PF
58124-16196,C,Dwight,Dwight Powell,Powell,12.82708359,48,3700,WAS@DAL,DAL,WAS,,,,,,C
58124-16790,PG,Brad,Brad Wanamaker,Wanamaker,13.35272772,55,3700,DET@CHA,CHA,DET,,,,,,PG
58124-9664,SF,Andre,Andre Iguodala,Iguodala,15.84545455,55,3700,MIA@CLE,MIA,CLE,,,,,,SF
58124-18376,SG,Damion,Damion Lee,Lee,14.14912281,57,3700,GS@HOU,GS,HOU,O,Covid-19,,,,SG
58124-24546,SG,Denzel,Denzel Valentine,Valentine,14.36785671,56,3700,CHI@ATL,CHI,ATL,,,,,,SG
58124-110697,PF,Nicolo,Nicolo Melli,Melli,8.386110942,36,3600,WAS@DAL,DAL,WAS,,,,,,PF
58124-9873,C,Robin,Robin Lopez,Lopez,15.87096774,62,3600,WAS@DAL,WAS,DAL,,,,,,C
58124-84689,SF,Josh,Josh Okogie,Okogie,13.96666643,51,3600,NO@MIN,MIN,NO,,,,,,SF
58124-58084,SF,Justise,Justise Winslow,Winslow,16.33478314,23,3600,MEM@ORL,MEM,ORL,,,,,,SF
58124-84711,SG,Grayson,Grayson Allen,Allen,20.42708333,48,3600,MEM@ORL,MEM,ORL,GTD,Hand,,,,SG
58124-15592,PG,Austin,Austin Rivers,Rivers,14.05925949,27,3600,DEN@LAC,DEN,LAC,,,,,,PG
58124-110827,SG,Matt,Matt Thomas,Thomas,4.840540706,37,3600,TOR@UTA,UTA,TOR,,,,,,SG
58124-84721,PF,Jarred,Jarred Vanderbilt,Vanderbilt,17.47678593,56,3600,NO@MIN,MIN,NO,,,,,,PF
58124-110340,PF,Jaxson,Jaxson Hayes,Hayes,13.83921545,51,3600,NO@MIN,NO,MIN,,,,,,PF
58124-23823,C,Willie,Willie Cauley-Stein,Cauley-Stein,14.53255871,43,3600,WAS@DAL,DAL,WAS,,,,,,C
58124-40208,PG,Raul,Raul Neto,Neto,17.28947368,57,3600,WAS@DAL,WAS,DAL,,,,,,PG
58124-82744,PG,Shaquille,Shaquille Harrison,Harrison,5.132000122,25,3600,DEN@LAC,DEN,LAC,,,,,,PG
58124-145304,C,Onyeka,Onyeka Okongwu,Okongwu,10.63333348,42,3600,CHI@ATL,ATL,CHI,,,,,,C
58124-148402,SF,Gabriel,Gabriel Deck,Deck,6.400000095,1,3600,IND@OKC,OKC,IND,,,,,,SF
58124-145352,SG,Trent,Trent Forrest,Forrest,4.461904617,21,3600,TOR@UTA,UTA,TOR,,,,,,SG
58124-111622,SF,Garrison,Garrison Mathews,Mathews,9.682456569,57,3500,WAS@DAL,WAS,DAL,,,,,,SF
58124-101387,PG,Gabe,Gabe Vincent,Vincent,8.706818321,44,3500,MIA@CLE,MIA,CLE,GTD,Knee,,,,PG
58124-9739,C,JaVale,JaVale McGee,McGee,18.25641026,39,3500,DEN@LAC,DEN,LAC,,,,,,C
58124-117275,PG,Jeremiah,Jeremiah Martin,Martin,4.5,2,3500,MIA@CLE,CLE,MIA,,,,,,PG
58124-15904,SG,Rodney,Rodney Hood,Hood,9.290195839,51,3500,TOR@UTA,TOR,UTA,,,,,,SG
58124-117285,SF,Vlatko,Vlatko Cancar,Cancar,3.719999913,35,3500,DEN@LAC,DEN,LAC,,,,,,SF
58124-117289,PF,Juwan,Juwan Morgan,Morgan,3.587999878,25,3500,TOR@UTA,UTA,TOR,,,,,,PF
58124-37931,C,Aron,Aron Baynes,Baynes,14.44599976,50,3500,TOR@UTA,TOR,UTA,,,,,,C
58124-117290,SG,Charlie,Charlie Brown,Brown,9.199999809,2,3500,IND@OKC,OKC,IND,,,,,,SG
58124-12332,PG,John,John Wall,Wall,36.70750122,40,3500,GS@HOU,HOU,GS,O,Hamstring,,,,PG
58124-12334,SG,Avery,Avery Bradley,Bradley,13.32400024,25,3500,GS@HOU,HOU,GS,O,Leg,,,,SG
58124-110639,PF,Sekou,Sekou Doumbouya,Doumbouya,8.718367596,49,3500,DET@CHA,DET,CHA,,,,,,PF
58124-110638,SF,Deividas,Deividas Sirvydis,Sirvydis,1.973333359,15,3500,DET@CHA,DET,CHA,,,,,,SF
58124-110641,SG,Didi,Didi Louzada,Louzada,,,3500,NO@MIN,NO,MIN,O,Not injury related,,,,SG
58124-12340,PF,Patrick,Patrick Patterson,Patterson,9.697142683,35,3500,DEN@LAC,LAC,DEN,,,,,,PF
58124-117812,SF,Donta,Donta Hall,Hall,13.67142814,7,3500,MEM@ORL,ORL,MEM,,,,,,SF
58124-12342,PF,Al-Farouq,Al-Farouq Aminu,Aminu,15.23333304,21,3500,CHI@ATL,CHI,ATL,,,,,,PF
58124-117307,SF,DaQuan,DaQuan Jeffries,Jeffries,7.115999756,25,3500,GS@HOU,HOU,GS,,,,,,SF
58124-66108,PG,Jamal,Jamal Murray,Murray,35.83958435,48,3500,DEN@LAC,DEN,LAC,O,Knee,,,,PG
58124-112709,SG,Javonte,Javonte Green,Green,7.706060699,33,3500,CHI@ATL,CHI,ATL,,,,,,SG
58124-112708,SF,Max,Max Strus,Strus,7.827272357,33,3500,MIA@CLE,MIA,CLE,,,,,,SF
58124-12365,C,Ed,Ed Davis,Davis,13.00454573,22,3500,NO@MIN,MIN,NO,,,,,,C
58124-12368,PF,Nemanja,Nemanja Bjelica,Bjelica,12.93999983,35,3500,MIA@CLE,MIA,CLE,,,,,,PF
58124-23120,SF,T.J.,T.J. Warren,Warren,22.07500076,4,3500,IND@OKC,IND,OKC,O,Foot,,,,SF
58124-145491,PF,Nathan,Nathan Knight,Knight,7.423333232,30,3500,CHI@ATL,ATL,CHI,,,,,,PF
58124-115802,SF,Jaylen,Jaylen Hoard,Hoard,12.19090965,11,3500,IND@OKC,OKC,IND,,,,,,SF
58124-85597,PG,Jordan,Jordan McLaughlin,McLaughlin,16.18863609,44,3500,NO@MIN,MIN,NO,,,,,,PG
58124-20064,PG,Matthew,Matthew Dellavedova,Dellavedova,12.369231,13,3500,MIA@CLE,CLE,MIA,O,Neck,,,,PG
58124-17517,SF,Tony,Tony Snell,Snell,11.35609771,41,3500,CHI@ATL,ATL,CHI,,,,,,SF
58124-113267,SF,Caleb,Caleb Martin,Martin,12.01521766,46,3500,DET@CHA,CHA,DET,,,,,,SF
58124-41077,SG,Sindarius,Sindarius Thornwell,Thornwell,3.071428571,14,3500,NO@MIN,NO,MIN,,,,,,SG
58124-23676,PG,Damyean,Damyean Dotson,Dotson,12.67631611,38,3500,MIA@CLE,CLE,MIA,,,,,,PG
58124-145532,SG,Jay,Jay Scrubb,Scrubb,,,3500,DEN@LAC,LAC,DEN,O,Foot,,,,SG
58124-117889,SG,Devin,Devin Cannady,Cannady,7.1875,8,3500,MEM@ORL,ORL,MEM,O,Ankle,,,,SG
58124-145539,SF,Deni,Deni Avdija,Avdija,15.90555601,54,3500,WAS@DAL,WAS,DAL,O,Ankle,,,,SF
58124-17541,SF,James,James Nunnally,Nunnally,3.700000048,4,3500,NO@MIN,NO,MIN,,,,,,SF
58124-145548,PF,Anthony,Anthony Gill,Gill,6.790908813,22,3500,WAS@DAL,WAS,DAL,,,,,,PF
58124-14505,C,Bismack,Bismack Biyombo,Biyombo,16.29107121,56,3500,DET@CHA,CHA,DET,,,,,,C
58124-14509,SG,Klay,Klay Thompson,Thompson,,,3500,GS@HOU,GS,HOU,O,Achilles,,,,SG
58124-145588,SF,Anthony,Anthony Lamb,Lamb,7.039999898,15,3500,GS@HOU,HOU,GS,,,,,,SF
58124-49336,SG,DeAndre',DeAndre' Bembry,Bembry,13.04999942,42,3500,TOR@UTA,TOR,UTA,,,,,,SG
58124-12474,PG,Patrick,Patrick Beverley,Beverley,19.44193588,31,3500,DEN@LAC,LAC,DEN,O,Hand,,,,PG
58124-23740,PG,Ryan,Ryan Arcidiacono,Arcidiacono,7.118421053,38,3500,CHI@ATL,CHI,ATL,,,,,,PG
58124-84668,SF,Troy,Troy Brown,Brown,10.51470588,34,3500,CHI@ATL,CHI,ATL,GTD,Ankle,,,,SF
58124-16071,PG,Tim,Tim Frazier,Frazier,6.433333079,3,3500,MEM@ORL,MEM,ORL,,,,,,PG
58124-23772,PG,Yogi,Yogi Ferrell,Ferrell,15.41999969,5,3500,DEN@LAC,LAC,DEN,,,,,,PG
58124-58081,PG,Tyus,Tyus Jones,Jones,17.50833333,60,3500,MEM@ORL,MEM,ORL,,,,,,PG
58124-84707,SF,Chandler,Chandler Hutchison,Hutchison,9.512499809,16,3500,WAS@DAL,WAS,DAL,,,,,,SF
58124-145632,PF,Killian,Killian Tillie,Tillie,6.306250095,16,3500,MEM@ORL,MEM,ORL,,,,,,PF
58124-58083,C,Jahlil,Jahlil Okafor,Okafor,8.359999847,20,3500,DET@CHA,DET,CHA,O,Not injury related,,,,C
58124-9956,SG,Wayne,Wayne Ellington,Ellington,15.06590965,44,3500,DET@CHA,DET,CHA,O,Calf,,,,SG
58124-23780,SF,Jake,Jake Layman,Layman,10.75714257,42,3500,NO@MIN,MIN,NO,,,,,,SF
58124-110309,SF,KZ,KZ Okpala,Okpala,6.532258065,31,3500,MIA@CLE,MIA,CLE,,,,,,SF
58124-110313,C,Bol,Bol Bol,Bol,4.475000109,28,3500,DEN@LAC,DEN,LAC,,,,,,C
58124-84714,PF,Moritz,Moritz Wagner,Wagner,12.36666701,36,3500,MEM@ORL,ORL,MEM,,,,,,PF
58124-110317,PG,Jaylen,Jaylen Nowell,Nowell,16.37631547,38,3500,NO@MIN,MIN,NO,,,,,,PG
58124-9453,PF,Al,Al Horford,Horford,31.73571341,28,3500,IND@OKC,OKC,IND,O,Coach's decision,,,,PF
58124-42733,SF,David,David Nwaba,Nwaba,20.00333252,30,3500,GS@HOU,HOU,GS,O,Wrist,,,,SF
58124-67312,C,Thomas,Thomas Bryant,Bryant,26.37000122,10,3500,WAS@DAL,WAS,DAL,O,Knee,,,,C
58124-110323,C,Eric,Eric Paschall,Paschall,15.64871764,39,3500,GS@HOU,GS,HOU,O,Hip,,,,C
58124-84722,PF,Isaac,Isaac Bonga,Bonga,5.799999922,39,3500,WAS@DAL,WAS,DAL,,,,,,PF
58124-110324,SG,Miye,Miye Oni,Oni,5.263043611,46,3500,TOR@UTA,UTA,TOR,,,,,,SG
58124-85238,SG,Yuta,Yuta Watanabe,Watanabe,11.29772741,44,3500,TOR@UTA,TOR,UTA,,,,,,SG
58124-110329,PF,Bruno,Bruno Fernando,Fernando,4.303333537,30,3500,CHI@ATL,ATL,CHI,,,,,,PF
58124-9466,PG,D.J.,D.J. Augustin,Augustin,14.30196126,51,3500,GS@HOU,HOU,GS,O,Ankle,,,,PG
58124-110333,SF,Jarrett,Jarrett Culver,Culver,11.49411729,34,3500,NO@MIN,MIN,NO,O,Ankle,,,,SF
58124-23294,SF,Danuel,Danuel House,House,18.43333296,33,3500,GS@HOU,HOU,GS,O,Ankle,,,,SF
58124-110338,SF,De'Andre,De'Andre Hunter,Hunter,28.12000122,20,3500,CHI@ATL,ATL,CHI,GTD,Knee,,,,SF
58124-110341,SG,Dylan,Dylan Windler,Windler,12.8999998,31,3500,MIA@CLE,CLE,MIA,O,Knee,,,,SG
58124-55055,PG,Dante,Dante Exum,Exum,12.31666692,6,3500,GS@HOU,HOU,GS,O,Calf,,,,PG
58124-111376,SG,John,John Konchar,Konchar,11.01081065,37,3500,MEM@ORL,MEM,ORL,,,,,,SG
58124-110355,SF,Mfiondu,Mfiondu Kabengele,Kabengele,4.246666718,30,3500,MIA@CLE,CLE,MIA,,,,,,SF
58124-115994,PF,Tyler,Tyler Cook,Cook,6.97826087,23,3500,DET@CHA,DET,CHA,,,,,,PF
58124-110365,PF,Alen,Alen Smailagic,Smailagic,4.909999847,10,3500,GS@HOU,GS,HOU,,,,,,PF
58124-110883,PF,Dean,Dean Wade,Wade,12.58148193,54,3500,MIA@CLE,CLE,MIA,,,,,,PF
58124-110882,SG,Adam,Adam Mokoka,Mokoka,2.576923077,13,3500,CHI@ATL,CHI,ATL,,,,,,SG
58124-145697,PG,Karim,Karim Mane,Mane,3.679999924,10,3500,MEM@ORL,ORL,MEM,,,,,,PG
58124-48940,SG,Wes,Wes Iwundu,Iwundu,6.780555725,36,3500,NO@MIN,NO,MIN,,,,,,SG
58124-119602,SF,Jontay,Jontay Porter,Porter,2.833333333,9,3500,MEM@ORL,MEM,ORL,,,,,,SF
58124-42814,C,Amida,Amida Brimah,Brimah,6.200000127,3,3500,IND@OKC,IND,OKC,,,,,,C
58124-145730,SG,Nate,Nate Darling,Darling,2.283333302,6,3500,DET@CHA,CHA,DET,GTD,Ankle,,,,SG
58124-145738,SG,Nate,Nate Hinton,Hinton,3.380000051,15,3500,WAS@DAL,DAL,WAS,,,,,,SG
58124-145737,SG,Brodric,Brodric Thomas,Thomas,6.426087089,23,3500,MIA@CLE,CLE,MIA,,,,,,SG
58124-63826,C,Boban,Boban Marjanovic,Marjanovic,10.87037037,27,3500,WAS@DAL,DAL,WAS,,,,,,C
58124-9589,PF,Udonis,Udonis Haslem,Haslem,7.925000191,4,3500,MIA@CLE,MIA,CLE,,,,,,PF
58124-9598,PF,Ersan,Ersan Ilyasova,Ilyasova,9.330769466,13,3500,TOR@UTA,UTA,TOR,,,,,,PF
58124-15744,SG,Rodney,Rodney McGruder,McGruder,10.08749962,16,3500,DET@CHA,DET,CHA,O,Elbow,,,,SG
58124-111492,PF,Amir,Amir Coffey,Coffey,5.472727342,44,3500,DEN@LAC,LAC,DEN,O,Covid-19,,,,PF
58124-145305,PF,Zeke,Zeke Nnaji,Nnaji,5.665000153,40,3500,DEN@LAC,DEN,LAC,GTD,Ankle,,,,PF
58124-145310,PG,Saben,Saben Lee,Lee,14.22564071,39,3500,DET@CHA,DET,CHA,,,,,,PG
58124-115612,SF,Kelan,Kelan Martin,Martin,5.46,25,3500,IND@OKC,IND,OKC,,,,,,SF
58124-145311,SG,Grant,Grant Riller,Riller,4.1,5,3500,DET@CHA,CHA,DET,,,,,,SG
58124-145308,SF,Patrick,Patrick Williams,Williams,19.79032258,62,3500,CHI@ATL,CHI,ATL,,,,,,SF
58124-145309,C,Udoka,Udoka Azubuike,Azubuike,3.299999873,12,3500,TOR@UTA,UTA,TOR,O,Ankle,,,,C
58124-145821,SF,Josh,Josh Hall,Hall,5.373333232,15,3500,IND@OKC,OKC,IND,,,,,,SF
58124-145314,PF,Precious,Precious Achiuwa,Achiuwa,11.72545499,55,3500,MIA@CLE,MIA,CLE,,,,,,PF
58124-145315,SF,Elijah,Elijah Hughes,Hughes,2.726666768,15,3500,TOR@UTA,UTA,TOR,,,,,,SF
58124-145827,PF,Freddie,Freddie Gillespie,Gillespie,13.55454601,11,3500,TOR@UTA,TOR,UTA,,,,,,PF
58124-145312,PF,Vernon,Vernon Carey,Carey,5.01333313,15,3500,DET@CHA,CHA,DET,,,,,,PF
58124-80805,PG,Markelle,Markelle Fultz,Fultz,26.1875,8,3500,MEM@ORL,ORL,MEM,O,Knee,,,,PG
58124-145318,C,Nick,Nick Richards,Richards,1.517647014,17,3500,DET@CHA,CHA,DET,,,,,,C
58124-145316,PG,Kira,Kira Lewis,Lewis,13.41333279,45,3500,NO@MIN,NO,MIN,,,,,,PG
58124-80811,SF,Jonathan,Jonathan Isaac,Isaac,32.2705868,34,3500,MEM@ORL,ORL,MEM,O,Knee,,,,SF
58124-145320,C,Daniel,Daniel Oturu,Oturu,3.443999939,25,3500,DEN@LAC,LAC,DEN,,,,,,C
58124-145326,PG,Tyrell,Tyrell Terry,Terry,3.654545524,11,3500,WAS@DAL,DAL,WAS,O,Personal,,,,PG
58124-80814,PG,Dennis,Dennis Smith,Smith,18.2826087,23,3500,DET@CHA,DET,CHA,O,Knee,,,,PG
58124-145325,SG,Josh,Josh Green,Green,6.02580655,31,3500,WAS@DAL,DAL,WAS,,,,,,SG
58124-145334,SG,Desmond,Desmond Bane,Bane,16.68103448,58,3500,MEM@ORL,MEM,ORL,,,,,,SG
58124-80823,PF,Tony,Tony Bradley,Bradley,17.34444512,36,3500,IND@OKC,OKC,IND,,,,,,PF
58124-145332,SF,Tyler,Tyler Bey,Bey,2.924999873,12,3500,WAS@DAL,DAL,WAS,,,,,,SF
58124-9655,SF,JJ,JJ Redick,Redick,11.87249985,40,3500,WAS@DAL,DAL,WAS,,,,,,SF
58124-145342,SG,Cassius,Cassius Stanley,Stanley,2.37368413,19,3500,IND@OKC,IND,OKC,,,,,,SG
58124-145343,PG,Jalen,Jalen Harris,Harris,2.9,5,3500,TOR@UTA,TOR,UTA,,,,,,PG
58124-145347,C,James,James Wiseman,Wiseman,21.51794903,39,3500,GS@HOU,GS,HOU,O,Knee,,,,C
58124-145345,PG,Nico,Nico Mannion,Mannion,10.24800049,25,3500,GS@HOU,GS,HOU,,,,,,PG
58124-145349,PG,Cassius,Cassius Winston,Winston,3.690000153,20,3500,WAS@DAL,WAS,DAL,,,,,,PG
58124-145354,SG,Devon,Devon Dotson,Dotson,2.942857197,7,3500,CHI@ATL,CHI,ATL,,,,,,SG
58124-145358,PG,Markus,Markus Howard,Howard,2.012903275,31,3500,DEN@LAC,DEN,LAC,,,,,,PG
58124-145356,SF,Sean,Sean McDermott,McDermott,4.377777947,18,3500,MEM@ORL,MEM,ORL,,,,,,SF
58124-145357,PF,Lamar,Lamar Stevens,Stevens,9.617500305,40,3500,MIA@CLE,CLE,MIA,GTD,Concussion,,,,PF
58124-85466,PF,Wenyen,Wenyen Gabriel,Gabriel,5.646153964,13,3500,NO@MIN,NO,MIN,,,,,,PF
58124-17894,C,Mike,Mike Muscala,Muscala,16.4400007,35,3500,IND@OKC,OKC,IND,O,Ankle,,,,C
58124-58350,SF,Stanley,Stanley Johnson,Johnson,10.35471675,53,3500,TOR@UTA,TOR,UTA,,,,,,SF
58124-63478,C,Cristiano,Cristiano Felicio,Felicio,3.199999946,14,3500,CHI@ATL,CHI,ATL,,,,,,C
